City_ID,City,Lat,Lng,Max Temp,Humidity,Cloudiness,Wind Speed,Country,Date
0,valparaiso,-33.0393,-71.6273,22.22,60,0,3.09,CL,1704927815
1,flying fish cove,-10.4217,105.6791,23.82,94,40,1.03,CX,1704927933
2,edinburgh of the seven seas,-37.0676,-12.3116,16.31,85,98,2.7,SH,1704928130
3,jayapura,-2.5333,140.7,27.66,85,99,1.59,ID,1704928131
4,adamstown,-25.066,-130.1015,24.69,81,66,4.24,PN,1704927840
5,thompson,55.7435,-97.8558,-23.52,95,100,2.61,CA,1704928131
6,kismayo,-0.3582,42.5454,26.34,79,43,6.68,SO,1704928131
7,callao,-12.0667,-77.15,24.16,73,75,7.2,PE,1704928131
8,constitucion,-35.3333,-72.4167,17.38,63,1,6.81,CL,1704928103
9,zemio,5.0314,25.1361,23.33,31,100,1.08,CF,1704928131
10,buguda,19.8167,84.8,18.63,82,79,0.79,IN,1704928131
11,vilyuchinsk,52.9306,158.4028,-22.85,70,100,3.25,RU,1704928132
12,kodiak,57.79,-152.4072,0.73,60,75,0.0,US,1704928132
13,armyansk,46.1092,33.6921,-0.88,85,100,2.78,UA,1704928132
14,port-aux-francais,-49.35,70.2167,5.15,86,88,10.22,TF,1704928132
15,moyynkum,44.2914,72.9469,-2.59,86,100,2.0,KZ,1704928132
16,namibe,-15.1961,12.1522,21.42,74,92,3.63,AO,1704928023
17,ushuaia,-54.8,-68.3,9.74,79,84,1.54,AR,1704927841
18,moyale,3.5167,39.0584,20.68,33,87,2.93,KE,1704928132
19,grytviken,-54.2811,-36.5092,4.26,96,100,1.14,GS,1704928097
20,yellowknife,62.456,-114.3525,-28.89,96,99,3.44,CA,1704928133
21,bethel,41.3712,-73.414,7.74,62,48,2.68,US,1704928133
22,praia da vitoria,38.7333,-27.0667,15.42,97,100,11.04,PT,1704928133
23,nicoya,10.1483,-85.452,29.49,64,15,0.87,CR,1704928092
24,avarua,-21.2078,-159.775,28.03,74,75,5.66,CK,1704928133
25,port alfred,-33.5906,26.891,20.66,96,93,1.7,ZA,1704927992
26,lensk,60.7253,114.9278,-25.39,97,62,2.8,RU,1704928133
27,sumusta as sultani,28.9167,30.85,12.67,64,22,3.01,EG,1704928133
28,bredasdorp,-34.5322,20.0403,18.11,84,96,2.61,ZA,1704928134
29,west island,-12.1568,96.8225,25.99,94,75,1.54,CC,1704928134
30,tiksi,71.6872,128.8694,-31.95,93,100,5.8,RU,1704928134
31,china,25.7,-99.2333,21.13,28,75,0.75,MX,1704927863
32,yeppoon,-23.1333,150.7333,27.88,57,45,6.65,AU,1704928104
33,vorgashor,67.5833,63.95,-36.9,100,50,2.23,RU,1704928134
34,waitangi,-43.9535,-176.5597,17.68,73,100,4.92,NZ,1704928134
35,morehead city,34.7229,-76.726,10.0,66,0,4.63,US,1704928134
36,hithadhoo,-0.6,73.0833,28.01,76,98,1.56,MV,1704928134
37,saint-pierre,-21.3393,55.4781,24.82,78,0,7.72,RE,1704927936
38,brookings,44.3114,-96.7984,-6.64,93,100,1.54,US,1704927976
39,pago pago,-14.2781,-170.7025,32.55,84,40,5.14,AS,1704928135
40,lompoc,34.6391,-120.4579,16.68,64,20,9.26,US,1704928135
41,blackmans bay,-43.0167,147.3167,19.74,57,35,2.49,AU,1704928135
42,sept-iles,50.2001,-66.3821,-3.71,94,100,12.35,CA,1704928135
43,puerto ayora,-0.7393,-90.3518,25.86,92,47,2.24,EC,1704928135
44,el tocuyo,9.7873,-69.7937,27.34,56,68,1.47,VE,1704928135
45,coyhaique,-45.5752,-72.0662,18.34,45,0,1.54,CL,1704928135
46,port elizabeth,-33.918,25.5701,20.17,95,75,1.54,ZA,1704927488
47,cobourg,50.2667,10.9667,-2.51,65,0,1.61,DE,1704928136
48,dili,-8.5586,125.5736,28.3,77,100,2.02,TL,1704927993
49,namdrik,5.5994,168.1028,28.08,81,95,10.22,MH,1704928136
50,lebu,-37.6167,-73.65,14.42,76,0,8.21,CL,1704928136
51,bilibino,68.0546,166.4372,-39.01,100,72,1.73,RU,1704927973
52,barcarena,-1.5058,-48.6258,28.03,91,86,4.59,BR,1704928136
53,douentza,14.9951,-2.9517,24.11,14,92,1.52,ML,1704928136
54,kapiri mposhi,-13.9652,28.6809,17.83,99,100,2.4,ZM,1704928137
55,abalak,58.1286,68.5944,-25.7,94,100,5.52,RU,1704928137
56,invercargill,-46.4,168.35,17.87,79,98,2.73,NZ,1704928086
57,papatowai,-46.5619,169.4708,21.14,55,98,2.12,NZ,1704928137
58,hawaiian paradise park,19.5933,-154.9731,27.16,89,100,3.09,US,1704928137
59,cochrane,51.1834,-114.4687,-20.44,66,100,6.69,CA,1704928137
60,whitehorse,60.7161,-135.0538,-25.55,99,82,0.99,CA,1704928137
61,cozumel,20.5083,-86.9458,27.26,83,40,3.58,MX,1704927911
62,puerto natales,-51.7236,-72.4875,10.97,76,79,3.96,CL,1704927867
63,tura,25.5198,90.2201,11.66,60,0,1.22,IN,1704928137
64,marsh harbour,26.5412,-77.0636,21.58,73,97,3.49,BS,1704928138
65,sao raimundo nonato,-9.0153,-42.6994,28.15,57,99,2.53,BR,1704928138
66,kingston,17.997,-76.7936,27.91,77,20,10.29,JM,1704928138
67,peniche,39.3558,-9.3811,13.29,81,85,4.45,PT,1704928138
68,dzhangala,49.2167,50.3333,-17.41,97,44,4.19,KZ,1704928138
69,lazaro cardenas,17.9583,-102.2,27.48,65,93,4.02,MX,1704928058
70,picota,-6.9197,-76.3304,31.27,69,86,0.96,PE,1704928138
71,taroa,8.7058,171.2275,27.87,73,100,7.79,MH,1704928139
72,kalmunai,7.4167,81.8167,25.7,85,100,3.53,LK,1704928139
73,dudinka,69.4058,86.1778,-30.18,96,63,4.02,RU,1704928139
74,alofi,-19.0595,-169.9187,28.94,79,75,4.12,NU,1704928139
75,ilulissat,69.2167,-51.1,-0.99,86,75,4.63,GL,1704928082
76,albany,42.6001,-73.9662,5.35,73,77,0.89,US,1704928139
77,murgud,16.4,74.2,19.66,58,40,2.32,IN,1704928139
78,yartsevo,55.0667,32.6964,0.34,97,100,6.28,RU,1704928139
79,tokar,18.4254,37.729,25.42,70,6,3.02,SD,1704928140
80,luang namtha,20.9497,101.4011,16.3,84,17,0.2,LA,1704928140
81,reggane,26.7158,0.1714,19.03,12,100,3.47,DZ,1704928141
82,taoudenni,22.6783,-3.9836,20.23,13,100,3.61,ML,1704928141
83,zakynthos,37.7914,20.8953,8.69,62,100,2.32,GR,1704928141
84,usogorsk,63.4106,48.6872,-16.3,97,100,2.51,RU,1704928141
85,khamis mushait,18.3064,42.7292,10.58,81,0,0.0,SA,1704928142
86,atafu village,-8.5421,-172.5159,29.27,71,11,4.26,TK,1704928142
87,ribeira grande,38.5167,-28.7,17.1,88,100,12.52,PT,1704928142
88,murzuq,25.9155,13.9184,10.54,24,60,3.07,LY,1704928142
89,fale old settlement,-9.3852,-171.2468,29.26,70,90,4.25,TK,1704928142
90,margaret river,-33.95,115.0667,14.93,77,98,4.15,AU,1704928142
91,colonia,50.9333,6.95,-2.3,78,0,3.09,DE,1704927933
92,yurty,56.0498,97.6348,-21.35,90,66,5.44,RU,1704928142
93,khanu woralaksaburi,16.0617,99.8606,24.89,63,16,2.47,TH,1704928143
94,paracuru,-3.41,-39.0306,28.39,76,75,4.63,BR,1704928143
95,iskateley,67.6803,53.1512,-20.55,95,100,5.81,RU,1704928143
96,lamu,-2.2717,40.902,25.92,84,83,5.29,KE,1704928143
97,luderitz,-26.6481,15.1594,16.86,88,22,6.65,NA,1704928143
98,olonkinbyen,70.9221,-8.7187,1.34,90,100,10.64,SJ,1704928143
99,wailua homesteads,22.0669,-159.378,22.44,76,100,3.09,US,1704928144
100,mil'kovo,55.6078,37.7956,-6.73,94,100,6.93,RU,1704928144
101,iqaluit,63.7506,-68.5145,-30.17,67,35,1.79,CA,1704928144
102,cabo san lucas,22.8909,-109.9124,22.09,49,75,4.12,MX,1704928144
103,daoukro,7.0591,-3.9631,26.85,68,81,2.16,CI,1704928144
104,yaren,-0.5472,166.916,28.98,76,70,3.89,NR,1704928144
105,port mathurin,-19.6833,63.4167,27.74,77,12,4.27,MU,1704928144
106,sijunjung,-0.6876,100.9537,22.84,98,100,0.19,ID,1704928145
107,st. john's,47.5649,-52.7093,-3.9,83,55,2.68,CA,1704927889
108,nova vicosa,-17.8919,-39.3719,24.65,83,89,3.77,BR,1704928145
109,alesund,62.4723,6.1549,5.97,90,100,3.09,NO,1704928076
110,kokpekty,48.75,82.4,-7.58,80,83,3.24,KZ,1704928145
111,salinas,36.6777,-121.6555,12.52,91,100,5.14,US,1704928145
112,tibanbang,6.6315,126.1055,25.94,83,57,2.08,PH,1704928145
113,nar'yan-mar,67.6713,53.087,-20.5,95,100,5.81,RU,1704928145
114,konakovo,56.7,36.7667,-5.49,95,100,5.32,RU,1704928146
115,shalqar,47.8333,59.6,-10.04,94,100,2.02,KZ,1704928146
116,isafjordur,66.0755,-23.124,4.6,87,73,4.93,IS,1704928146
117,manadhoo,5.7667,73.3833,27.54,79,100,8.68,MV,1704928146
118,kosonsoy,41.2561,71.5508,2.31,41,100,2.85,UZ,1704928146
119,kayangel,8.0823,134.7173,28.84,70,69,4.99,PW,1704928146
120,nemuro,43.3236,145.575,-7.15,61,29,4.07,JP,1704928146
121,podu iloaiei,47.2167,27.2667,-7.82,87,11,1.49,RO,1704928147
122,arraial do cabo,-22.9661,-42.0278,26.92,78,20,5.14,BR,1704928147
123,copiapo,-27.3667,-70.3333,25.24,44,1,2.81,CL,1704927960
124,tucumcari,35.1717,-103.725,6.04,42,1,7.44,US,1704928147
125,san patricio,28.017,-97.5169,22.4,59,32,5.13,US,1704928147
126,talnakh,69.4865,88.3972,-28.4,97,53,3.21,RU,1704928147
127,vila velha,-20.3297,-40.2925,26.97,82,20,6.69,BR,1704927929
128,colipapa,9.4726,122.5616,25.6,84,37,2.19,PH,1704928147
129,kavieng,-2.5744,150.7967,28.98,69,82,0.33,PG,1704928147
130,yuzhno-kurilsk,44.0306,145.8556,-7.01,57,78,3.64,RU,1704928148
131,hammerfest,70.6634,23.6821,-4.75,74,75,6.17,NO,1704927601
132,sawakin,19.1059,37.3321,25.65,75,1,1.2,SD,1704928148
133,ukata,10.8312,5.8249,22.38,11,0,3.57,NG,1704928148
134,aoulef,26.9667,1.0833,18.66,12,100,3.13,DZ,1704928148
135,francisco i. madero,29.7059,-107.8043,11.75,13,72,9.51,MX,1704928148
136,hamilton,39.1834,-84.5333,1.54,86,100,4.12,US,1704928148
137,huarmey,-10.0681,-78.1522,24.25,77,88,3.66,PE,1704928028
138,ustka,54.5805,16.8619,0.92,88,27,7.29,PL,1704928149
139,bu'aale,1.0833,42.5833,23.65,85,20,3.2,SO,1704928149
140,crane,31.3974,-102.3501,18.03,14,1,7.03,US,1704928149
141,papao,-17.75,-149.55,27.82,77,100,8.32,PF,1704928149
142,uturoa,-16.7333,-151.4333,28.18,77,96,6.23,PF,1704928000
143,aasiaat,68.7098,-52.8699,-6.7,85,100,6.16,GL,1704928149
144,haiku-pauwela,20.9219,-156.3051,26.01,65,40,9.26,US,1704928149
145,dzhetygara,52.1908,61.2006,-29.39,92,61,3.64,KZ,1704928149
146,ancud,-41.8697,-73.8203,15.7,67,2,1.86,CL,1704928150
147,masterton,-40.9597,175.6575,25.01,50,49,4.63,NZ,1704928150
148,port lincoln,-34.7333,135.8667,19.64,70,1,5.84,AU,1704928150
149,ust-nera,64.5667,143.2,-45.25,97,88,1.09,RU,1704928150
150,prince rupert,54.3161,-130.3201,-0.39,69,6,2.36,CA,1704928150
151,howrah,22.5892,88.3103,17.0,82,7,2.06,IN,1704928150
152,antsiranana,-12.2787,49.2917,24.61,88,55,1.58,MG,1704928150
153,magadan,59.5667,150.8,-24.58,93,97,2.92,RU,1704928140
154,pasil,17.3833,121.1333,15.57,97,91,1.21,PH,1704928151
155,grand falls-windsor,48.9332,-55.6649,-8.05,72,82,2.68,CA,1704928151
156,udachny,66.4167,112.4,-35.31,73,57,1.54,RU,1704927896
157,recani,31.2846,-4.2688,12.62,29,0,2.15,MA,1704928135
158,auki,-8.7676,160.7034,29.96,67,55,0.27,SB,1704928151
159,pointe-noire,-4.7761,11.8635,27.04,89,40,2.06,CG,1704928151
160,viedma,-40.8135,-62.9967,17.67,39,0,7.52,AR,1704927611
161,chernyshevsk,52.5243,117.0174,-30.31,100,85,0.9,RU,1704928151
162,al kharijah,25.4514,30.5464,11.5,48,34,2.94,EG,1704928152
163,badger,64.8,-147.5333,-20.07,71,75,4.12,US,1704928152
164,dwarka,22.2394,68.9678,19.97,47,0,6.16,IN,1704928152
165,toliara,-23.35,43.6667,26.13,84,18,1.37,MG,1704928152
166,gimcheon,36.1218,128.1198,-1.38,74,40,1.54,KR,1704928152
167,igarka,67.4667,86.5833,-24.37,90,100,4.82,RU,1704928152
168,tidjikja,18.5564,-11.4271,23.02,13,70,4.82,MR,1704928152
169,bechar,31.6167,-2.2167,11.76,29,0,2.15,DZ,1704928000
170,oamaru,-45.0784,170.9801,25.31,38,76,3.1,NZ,1704928153
171,mranggen,-7.0268,110.5158,26.91,89,40,1.03,ID,1704928153
172,jamestown,42.097,-79.2353,1.77,91,100,8.23,US,1704928028
173,kerikeri,-35.2268,173.9474,25.51,66,44,0.89,NZ,1704928153
174,glace bay,46.1969,-59.957,1.55,95,100,15.43,CA,1704928153
175,nova sintra,14.8667,-24.7167,21.18,66,0,4.37,CV,1704928153
176,hilo,19.7297,-155.09,27.28,87,100,3.09,US,1704928153
177,xilin hot,43.9667,116.0333,-17.64,95,11,2.03,CN,1704928154
178,ha'il,27.5219,41.6907,12.01,62,0,2.06,SA,1704928154
179,kita,13.0349,-9.4895,28.12,15,100,1.42,ML,1704928154
180,marshalltown,42.0494,-92.908,-2.87,87,0,6.69,US,1704928154
181,tambopata,-12.7333,-69.1833,29.94,70,20,1.54,PE,1704928154
182,rome,34.257,-85.1647,8.23,64,0,1.54,US,1704927746
183,mont-laurier,46.5501,-75.4993,0.76,98,100,3.79,CA,1704928154
184,longyearbyen,78.2186,15.6401,-13.09,85,75,6.17,SJ,1704928154
185,qaqortoq,60.7167,-46.0333,-1.13,97,100,2.19,GL,1704928155
186,walvis bay,-22.9575,14.5053,17.4,88,49,4.22,NA,1704928155
187,pisco,-13.7,-76.2167,24.03,73,0,9.26,PE,1704928155
188,sake,-1.5736,29.045,18.04,89,100,0.92,CD,1704928155
189,tarawa,1.419,172.984,30.05,79,40,4.63,KI,1704928155
190,gloria,12.9833,121.4667,24.59,89,79,5.25,PH,1704928155
191,constantia,44.1833,28.65,-4.62,78,7,5.63,RO,1704928018
192,sarykemer,43.0,71.5,-2.29,83,100,2.69,KZ,1704928156
193,kapa'a,22.0752,-159.319,23.18,76,100,3.09,US,1704928156
194,zimovniki,47.1483,42.4633,-12.03,96,85,1.22,RU,1704928156
195,wad rawah,15.1603,33.1397,25.56,34,0,4.75,SD,1704928156
196,kone,-21.0595,164.8658,29.9,52,91,2.22,NC,1704928156
197,campoverde,-8.4753,-74.8058,30.83,60,98,1.33,PE,1704928156
198,port macquarie,-31.4333,152.9167,28.83,66,25,2.65,AU,1704927941
199,college,64.8569,-147.8028,-20.03,71,75,4.12,US,1704928157
200,shanhecun,44.7,127.2,-6.45,94,95,6.72,CN,1704928157
201,afaahiti,-17.75,-149.2833,26.93,79,100,7.84,PF,1704928157
202,pacific grove,36.6177,-121.9166,11.48,88,100,5.14,US,1704928157
203,petropavlovsk-kamchatsky,53.0452,158.6483,-23.67,70,75,2.0,RU,1704928157
204,punta arenas,-53.15,-70.9167,12.06,66,75,11.32,CL,1704928157
205,northam,51.0333,-4.2167,4.23,79,26,7.42,GB,1704928157
206,tazacorte,28.629,-17.9293,21.75,35,0,3.13,ES,1704928158
207,novoderevyankovskaya,46.3231,38.7472,-2.53,85,95,2.51,RU,1704928158
208,cruzeiro do sul,-29.5128,-51.9853,27.27,80,100,1.61,BR,1704928158
209,vacha,55.8008,42.7706,-14.62,80,96,6.13,RU,1704928158
210,stanley,54.868,-1.6985,5.16,88,75,4.63,GB,1704928158
211,mili,6.0815,171.735,27.36,73,100,10.29,MH,1704928158
212,port saint john's,-31.6229,29.5448,21.41,89,100,1.08,ZA,1704928158
213,medicine hat,50.0501,-110.6683,-14.83,69,100,4.63,CA,1704928158
214,copalillo,18.0333,-99.1167,28.84,29,100,2.49,MX,1704928158
215,ola,59.5833,151.2833,-25.41,92,94,3.03,RU,1704928159
216,rongelap,11.1635,166.8941,27.07,80,52,8.9,MH,1704928159
217,taksimo,56.3444,114.8794,-19.49,94,100,1.51,RU,1704928159
218,vilhena,-12.7406,-60.1458,21.53,97,100,1.82,BR,1704928159
219,yerofey pavlovich,53.9667,121.9667,-22.49,97,100,0.26,RU,1704928159
220,abdanan,32.9926,47.4198,8.81,72,82,3.05,IR,1704928159
221,ulsteinvik,62.3432,5.8487,5.97,91,97,0.89,NO,1704928160
222,enewetak,11.3474,162.3373,27.18,83,31,9.6,MH,1704928160
223,tazovsky,67.4667,78.7,-22.26,94,100,8.74,RU,1704927656
224,kudymkar,59.0173,54.656,-28.35,100,96,2.17,RU,1704928160
225,okhotsk,59.3833,143.3,-33.13,85,49,3.85,RU,1704928160
226,firestone,40.1125,-104.9366,3.8,28,0,8.23,US,1704928160
227,nuuk,64.1835,-51.7216,-4.66,93,100,6.17,GL,1704928161
228,coffs harbour,-30.3,153.1333,27.98,61,67,3.6,AU,1704928161
229,pandan,14.0453,124.1694,25.42,86,70,8.52,PH,1704928161
230,cromwell,41.5951,-72.6454,8.58,58,100,4.12,US,1704928161
231,sanctuary point,-35.1114,150.629,24.86,91,74,3.53,AU,1704928161
232,chonchi,-42.6128,-73.8092,17.84,61,10,2.92,CL,1704928161
233,tolanaro,-25.0319,46.9987,24.4,86,57,6.21,MG,1704928107
234,gizo,-8.103,156.8419,29.11,75,92,2.91,SB,1704928162
235,aripuana,-9.1667,-60.6333,22.44,100,100,1.41,BR,1704928162
236,hermanus,-34.4187,19.2345,17.69,89,60,4.25,ZA,1704928162
237,karratha,-20.7377,116.8463,30.71,43,61,5.34,AU,1704928162
238,caleta olivia,-46.4393,-67.5281,17.49,47,40,3.41,AR,1704928162
239,aioun,16.6614,-9.6149,25.36,12,100,4.39,MR,1704928162
240,georgetown,5.4112,100.3354,25.96,89,20,1.54,MY,1704928120
241,yichang,30.7144,111.2847,6.87,71,3,0.75,CN,1704928162
242,muynoq,43.7683,59.0214,-2.04,56,60,6.91,UZ,1704928163
243,gorgan,36.8387,54.4348,10.01,87,100,1.25,IR,1704928045
244,wotho,10.1657,166.0102,27.26,81,84,10.09,MH,1704928163
245,palmer,42.1584,-72.3287,6.8,59,75,6.69,US,1704928163
246,minas de marcona,-15.2119,-75.1103,19.49,75,8,5.77,PE,1704928163
247,castillos,-34.1667,-53.8333,22.03,94,100,2.87,UY,1704928163
248,taitung city,22.7583,121.1444,15.15,67,75,4.12,TW,1704928163
249,amble,55.3333,-1.5833,7.08,81,100,7.2,GB,1704928163
250,wang saphung,17.301,101.7685,24.3,72,5,0.43,TH,1704928163
251,labrador city,52.9463,-66.9114,-10.25,93,100,8.31,CA,1704928164
252,mejit,10.2753,170.8646,26.98,81,74,9.79,MH,1704928164
253,labuan,5.2767,115.2417,26.9,84,92,3.86,MY,1704927899
254,axim,4.8699,-2.2405,26.93,83,5,3.4,GH,1704928164
255,shakawe,-18.3667,21.85,21.5,90,100,1.85,BW,1704928164
256,champasak,14.75,106.0,19.07,87,27,0.88,LA,1704928164
257,kitimat,54.0524,-128.6534,-2.4,72,56,2.13,CA,1704928164
258,xinyuan,37.3,99.0,-12.08,31,1,2.57,CN,1704927876
259,mawu,29.5923,107.3139,10.52,78,100,0.74,CN,1704928165
260,al burayqah,30.4062,19.5739,15.86,64,100,0.65,LY,1704928165
261,orcopampa,-15.2661,-72.3417,12.13,67,55,4.24,PE,1704928165
262,al qitena,14.8648,32.3668,25.64,31,0,6.35,SD,1704928165
263,ulverstone,-41.15,146.1667,18.73,75,6,1.85,AU,1704928165
264,vysokovsk,56.3167,36.55,-5.92,95,100,5.94,RU,1704928165
265,chester,40.1254,-75.8749,6.64,65,100,3.6,US,1704928165
266,florida city,25.4479,-80.4792,21.12,74,100,0.0,US,1704928166
267,cidreira,-30.1811,-50.2056,23.57,95,100,2.66,BR,1704928166
268,arar,30.9753,41.0381,11.01,62,0,1.54,SA,1704928166
269,holualoa,19.6228,-155.9522,24.5,82,75,6.17,US,1704928166
270,mahina,-17.5065,-149.489,27.87,83,40,8.75,PF,1704928166
271,okha,53.5739,142.9478,-31.22,99,62,2.84,RU,1704928166
272,alice springs,-23.7,133.8833,33.45,22,40,1.79,AU,1704928166
273,eydhafushi,5.1033,73.0708,27.53,81,100,9.98,MV,1704928166
274,cheria,35.2731,7.7519,3.87,60,11,2.51,DZ,1704928166
275,plastun,44.7561,136.2939,-11.22,53,100,1.18,RU,1704928167
276,kupino,54.3663,77.2981,-16.69,85,100,10.59,RU,1704928167
277,tehri,30.3833,78.4833,9.43,21,0,2.42,IN,1704928167
278,shirochanka,46.6497,38.3978,-2.81,86,81,2.5,RU,1704928167
279,palapye,-22.546,27.1251,25.7,49,89,2.96,BW,1704928167
280,arauca,7.0847,-70.7591,30.95,41,92,2.63,CO,1704928167
281,bereket,39.2446,55.5154,4.51,83,98,0.56,TM,1704928167
282,magdagachi,53.45,125.8,-33.0,100,67,0.65,RU,1704927922
283,katsuura,35.1333,140.3,9.09,62,100,11.63,JP,1704928168
284,polyarnyy,69.1989,33.4478,-4.79,62,100,12.22,RU,1704928168
285,harnosand,62.6323,17.9379,6.0,70,37,8.61,SE,1704928166
286,carnarvon,-24.8667,113.6333,23.76,76,0,9.15,AU,1704928168
287,playa del ingles,27.7567,-15.5787,18.86,64,2,3.59,ES,1704928168
288,barra,-11.0894,-43.1417,27.5,59,65,2.04,BR,1704928168
289,puerto baquerizo moreno,-0.9,-89.6,25.04,81,86,4.42,EC,1704928168
290,tsirang,27.0219,90.1229,5.8,70,0,2.22,BT,1704928169
291,portland,45.5234,-122.6762,8.78,82,100,4.63,US,1704927852
292,tshabong,-26.05,22.45,28.69,41,87,3.09,BW,1704928169
293,mount gambier,-37.8333,140.7667,19.04,65,30,2.32,AU,1704928138
294,kalocsa,46.5264,18.9858,-3.57,73,3,0.51,HU,1704928169
295,bandiagara,14.3501,-3.6104,25.48,13,72,4.14,ML,1704928169
296,kiunga,-6.1219,141.2906,25.29,94,100,1.25,PG,1704928169
297,delta,5.5,6.0,26.07,83,13,1.52,NG,1704928169
298,lihue,21.9789,-159.3672,22.77,76,100,3.09,US,1704928169
299,gisborne,-38.6533,178.0042,23.29,59,28,4.27,NZ,1704928170
300,quellon,-43.1167,-73.6167,14.04,76,19,5.91,CL,1704928170
301,codrington,-38.2667,141.9667,17.92,75,76,2.33,AU,1704928170
302,biltine,14.5333,20.9167,22.25,23,0,5.56,TD,1704928170
303,lokomotivnyy,53.0118,60.5684,-28.66,87,8,3.58,RU,1704928170
304,east london,-33.0153,27.9116,21.82,93,97,4.54,ZA,1704927977
305,kailua-kona,19.6406,-155.9956,26.57,82,75,6.17,US,1704928170
306,erdenet,49.0333,104.0833,-20.2,78,25,1.52,MN,1704928171
307,novoishimskiy,53.1981,66.7694,-27.83,95,32,4.09,KZ,1704928171
308,tyukhtet,56.5389,89.3011,-7.98,90,100,7.16,RU,1704928171
309,tual,-5.6667,132.75,29.03,75,100,4.8,ID,1704928171
310,fuglafjordur,62.244,-6.814,5.26,77,11,2.83,FO,1704928060
311,la passe,45.5549,-0.8967,0.57,77,93,3.35,FR,1704928171
312,pataskala,39.9956,-82.6743,1.51,87,100,6.69,US,1704928171
313,argo,37.6333,22.7333,7.1,82,58,1.75,GR,1704928172
314,klyuchi,52.2667,79.1667,-11.92,78,97,8.9,RU,1704928172
315,rio gallegos,-51.6226,-69.2181,13.9,54,88,11.99,AR,1704928142
316,kapuskasing,49.4169,-82.4331,-13.05,89,100,4.41,CA,1704928172
317,onguday,50.75,86.15,1.44,68,89,6.05,RU,1704928172
318,palikir - national government center,6.9248,158.1611,29.47,70,100,4.12,FM,1704928172
319,inari,68.906,27.0288,-8.89,93,60,2.81,FI,1704928172
320,chikola,43.1906,43.9209,-3.06,89,7,0.17,RU,1704928173
321,pahlgam,34.0333,75.3333,-3.56,37,0,5.57,IN,1704928081
322,alaghsas,17.0187,8.0168,18.65,13,9,4.85,NE,1704928173
323,harar,9.3094,42.1258,13.42,52,3,4.07,ET,1704928173
324,mandi bahauddin,32.5834,73.4843,9.73,35,0,0.82,PK,1704928173
325,queenstown,-31.8976,26.8753,16.86,95,84,1.78,ZA,1704928173
326,port shepstone,-30.7414,30.455,21.95,91,100,1.23,ZA,1704928173
327,princeville,45.7668,-61.2985,3.06,96,100,10.29,CA,1704928173
328,keflavik,64.0049,-22.5624,7.24,87,100,11.32,IS,1704928009
329,kashgar,39.4547,75.9797,-2.02,49,39,2.03,CN,1704928174
330,tromso,69.6496,18.957,-1.99,74,75,3.09,NO,1704928174
331,massawa,15.6097,39.45,26.28,69,24,1.5,ER,1704928174
332,lerma,42.0261,-3.7598,0.31,87,98,5.01,ES,1704928174
333,puerto deseado,-47.7503,-65.8938,11.99,56,7,6.71,AR,1704928174
334,aswan,24.0934,32.907,13.49,23,2,4.89,EG,1704927802
335,antofagasta,-23.65,-70.4,19.93,77,34,3.23,CL,1704928077
336,utrik,11.2278,169.8474,26.77,81,78,9.16,MH,1704928174
337,tsiombe,-25.3,45.4833,25.22,80,33,2.51,MG,1704928175
338,fallon,39.4735,-118.7774,10.93,45,75,10.29,US,1704928175
339,sevastopol,44.6,33.5333,0.27,80,11,3.9,UA,1704927892
340,crotone,39.0851,17.1178,10.11,72,100,1.44,IT,1704927600
341,nagqu,31.5,92.0,-15.2,36,14,1.29,CN,1704928175
342,amealco,20.1833,-100.15,18.04,35,100,7.74,MX,1704928175
343,souillac,-20.5167,57.5167,25.84,76,64,5.72,MU,1704928175
344,malinyi,-8.9333,36.1333,22.15,98,100,0.85,TZ,1704928176
345,kratie,12.4881,106.0188,21.67,74,100,2.52,KH,1704928176
346,yarmouth,41.7057,-70.2286,8.41,66,40,8.75,US,1704928176
347,naze,28.3667,129.4833,13.59,51,84,8.7,JP,1704928176
348,riversdale,18.1659,-76.9642,27.3,87,43,1.36,JM,1704928176
349,betio village,1.358,172.9211,30.02,78,77,6.94,KI,1704928176
350,hacibektas,38.9408,34.5577,0.77,81,75,5.14,TR,1704928176
351,waliso,8.5333,37.9833,16.27,57,47,1.45,ET,1704928176
352,ngaoundere,7.3167,13.5833,18.44,16,0,1.72,CM,1704928177
353,coxen hole,16.3244,-86.5366,26.6,78,40,2.57,HN,1704928177
354,westport,41.1415,-73.3579,8.99,57,100,6.26,US,1704927903
355,ulaangom,49.9811,92.0667,-21.74,99,96,1.6,MN,1704928177
356,melekeok village,7.4957,134.6367,29.31,79,75,2.57,PW,1704928177
357,sosnovka,56.255,51.2842,-20.42,97,69,2.64,RU,1704928177
358,taco pozo,-25.6167,-63.2833,33.02,51,47,7.55,AR,1704928177
359,roma,43.2128,-75.4557,3.18,78,100,5.36,US,1704927613
360,olyokminsk,60.3736,120.4264,-22.8,96,100,0.93,RU,1704928177
361,fort bragg,35.139,-79.006,8.91,61,0,3.09,US,1704928178
362,maxixe,-23.8597,35.3472,24.29,88,34,1.8,MZ,1704928178
363,iwon-up,40.3231,128.6553,-2.76,54,82,4.62,KP,1704928178
364,nantucket,41.2835,-70.0995,8.08,66,0,10.8,US,1704928178
365,quelimane,-17.8786,36.8883,25.26,94,99,1.58,MZ,1704928178
366,baikonur,45.6167,63.3167,-3.82,88,100,3.96,KZ,1704928178
367,chaozhou,23.6651,116.6379,11.33,83,12,1.28,CN,1704928178
368,mount pearl,47.5166,-52.7813,-4.36,84,58,2.68,CA,1704928178
369,az zawiyah,32.0963,35.0398,12.83,88,40,3.6,PS,1704928179
370,touros,-5.1989,-35.4608,27.22,71,0,5.26,BR,1704928179
371,al ghayzah,16.2079,52.176,21.09,58,5,2.38,YE,1704928179
372,taro,-8.3862,115.28,24.0,92,98,0.56,ID,1704928179
373,maintirano,-18.0667,44.0167,27.52,82,100,3.06,MG,1704928179
374,sinabang,2.4803,96.3801,26.2,82,98,0.67,ID,1704928179
375,loei,17.4167,101.5,18.95,77,4,0.62,TH,1704928179
376,gouyave,12.1646,-61.7296,26.53,72,6,7.78,GD,1704928180
377,vadso,70.0744,29.7487,-5.51,86,100,7.72,NO,1704928180
378,severo-yeniseyskiy,60.3725,93.0408,-22.46,79,73,5.36,RU,1704928180
379,brisas barra de suchiate,14.55,-92.2167,30.1,64,6,3.59,MX,1704928180
380,limassol,34.675,33.0333,13.04,82,20,4.12,CY,1704927975
381,togur,58.3631,82.8265,-5.48,81,100,11.62,RU,1704928180
382,gadzhiyevo,69.2551,33.3362,-4.8,60,100,12.77,RU,1704928180
383,sitka,57.0531,-135.33,0.94,34,75,2.06,US,1704928180
384,tefe,-3.3542,-64.7114,26.06,94,75,2.06,BR,1704928181
385,mar del plata,-38.0023,-57.5575,18.86,70,0,6.71,AR,1704927665
386,pasighat,28.0667,95.3333,12.08,57,3,1.35,IN,1704928181
387,mermoz boabab,14.7065,-17.4758,21.31,72,0,5.32,SN,1704928181
388,nikolayevsk-on-amure,53.1406,140.73,-29.41,99,25,0.91,RU,1704928181
389,swift current,50.2834,-107.8014,-20.55,77,100,6.69,CA,1704928181
390,mancio lima,-7.6142,-72.8958,25.12,90,92,1.37,BR,1704928181
391,newnham,-41.3833,147.1333,19.06,55,4,1.03,AU,1704928181
392,orizona,-17.0314,-48.2958,21.71,85,92,0.99,BR,1704928182
393,gilgit,35.9221,74.3087,2.06,36,34,1.07,PK,1704928182
394,ocos,14.5094,-92.1933,30.1,64,5,3.69,GT,1704928182
395,new norfolk,-42.7826,147.0587,20.4,50,70,3.18,AU,1704928182
396,kenai,60.5544,-151.2583,-8.81,99,0,3.6,US,1704928182
397,west bay,19.3667,-81.4167,27.04,82,75,3.09,KY,1704928182
398,porbandar,21.6422,69.6093,19.39,36,0,5.37,IN,1704928182
399,vranje,42.5514,21.9003,-4.76,82,5,0.7,RS,1704927948
400,quang ngai,15.1167,108.8,21.69,88,100,1.85,VN,1704928183
401,el calafate,-50.3408,-72.2768,14.38,60,70,6.75,AR,1704928183
402,muroto-misakicho,33.2833,134.15,9.28,57,99,4.63,JP,1704928183
403,bikenibeu village,1.3673,173.1241,29.98,79,40,4.63,KI,1704928183
404,saipan,15.1355,145.701,28.39,78,0,4.12,MP,1704928183
405,zhanaozen,43.3,52.8,-0.48,70,86,8.44,KZ,1704928183
406,rio grande,-32.035,-52.0986,26.06,93,100,2.58,BR,1704928183
407,xichang,27.8964,102.2634,3.83,88,6,0.95,CN,1704928183
408,nema,57.5067,50.5011,-21.22,99,98,2.57,RU,1704928184
409,forster,-32.1667,152.5167,29.05,71,54,3.22,AU,1704928184
410,greymouth,-42.4667,171.2,20.03,68,11,2.82,NZ,1704928184
411,suamico,44.6319,-88.0393,0.43,83,100,2.06,US,1704928184
412,aleysk,52.4926,82.7822,-10.57,79,96,9.32,RU,1704927918
413,tucuma,-0.1833,-50.05,24.56,92,98,2.71,BR,1704928184
414,sechura,-5.5569,-80.8222,26.38,65,31,7.57,PE,1704928184
415,vladivostok,43.1056,131.8735,-4.99,90,100,0.97,RU,1704928124
416,hancheng,32.5186,112.3522,3.86,70,2,2.56,CN,1704928185
417,margate,51.3813,1.3862,1.5,73,9,1.34,GB,1704928061
418,miri,4.4148,114.0089,25.71,92,87,3.39,MY,1704928185
419,metu,8.3,35.5833,14.71,65,73,1.36,ET,1704928185
420,cockburn town,21.4612,-71.1419,25.79,87,100,6.87,TC,1704928185
421,dengzhou,37.8086,120.7508,-0.08,65,0,5.66,CN,1704928185
422,coronel vivida,-25.9797,-52.5678,23.99,73,60,3.82,BR,1704928186
423,shadrinsk,56.0852,63.6335,-27.85,92,31,4.87,RU,1704927914
424,graulhet,43.7669,1.9894,4.63,99,100,1.9,FR,1704928186
425,vila franca do campo,37.7167,-25.4333,18.27,99,100,15.96,PT,1704928186
426,twon-brass,4.3151,6.2418,28.43,78,10,4.73,NG,1704928186
427,mugia,43.1041,-9.2179,8.28,65,45,6.95,ES,1704928186
428,saint-joseph,-21.3667,55.6167,24.21,82,55,5.27,RE,1704928186
429,san antonio de pale,-1.4014,5.6325,26.91,78,93,4.21,GQ,1704928186
430,nola,40.922,14.5329,9.79,85,100,2.82,IT,1704928186
431,vernon,50.2581,-119.2691,0.72,46,52,3.58,CA,1704928187
432,sola,-13.8833,167.55,30.37,74,100,0.0,VU,1704928187
433,akbarabad,29.2464,52.7793,0.79,21,25,1.23,IR,1704928187
434,kisangani,0.5167,25.2,22.84,87,97,0.89,CD,1704928187
435,antsohihy,-14.8796,47.9875,24.53,95,100,1.33,MG,1704928187
436,sherbakul',54.6316,72.3963,-21.4,90,100,8.43,RU,1704928187
437,sokoni,-6.4333,39.55,27.9,78,100,5.91,TZ,1704928187
438,gaiman,-43.2897,-65.4929,17.51,34,24,10.33,AR,1704928188
439,nouadhibou,20.931,-17.0347,17.99,77,0,3.09,MR,1704928188
440,kyosai,34.8503,128.5886,3.92,73,6,3.71,KR,1704928188
441,tokmok,42.8417,75.3016,4.0,67,92,1.81,KG,1704928188
442,hargeysa,9.56,44.065,12.55,95,47,5.08,SO,1704928188
443,ploudalmezeau,48.5333,-4.65,2.93,93,100,2.06,FR,1704928188
444,angaur state,6.906,134.13,29.16,72,24,6.56,PW,1704928188
445,baruun-urt,46.6806,113.2792,-22.16,92,8,2.38,MN,1704928189
446,solwezi,-12.1688,26.3894,17.37,98,100,2.29,ZM,1704928189
447,laguna,38.421,-121.4238,13.99,85,100,9.26,US,1704928036
448,remire-montjoly,4.9167,-52.2667,28.02,78,40,4.63,GF,1704928189
449,karaman,37.0833,33.25,1.14,98,100,4.69,TR,1704928189
450,pathein,16.7833,94.7333,18.3,79,33,2.13,MM,1704928189
451,howard springs,-12.497,131.047,26.95,97,100,2.14,AU,1704928189
452,general villegas,-35.0328,-63.0125,28.9,30,59,6.97,AR,1704928189
453,jeremoabo,-10.075,-38.4808,24.22,85,65,4.81,BR,1704928190
454,rundu,-17.9333,19.7667,21.14,89,100,0.91,NA,1704928190
455,san julian,21.0167,-102.1667,18.6,26,81,6.15,MX,1704928107
456,gloversville,43.0528,-74.3438,3.49,76,86,8.26,US,1704928190
457,dapa,9.7594,126.0531,26.73,81,90,3.12,PH,1704928190
458,zhosaly,45.4878,64.0781,-3.86,72,100,3.74,KZ,1704928190
459,la'ie,21.6477,-157.9253,26.98,61,2,3.13,US,1704928190
460,kamina,-8.7386,24.9906,18.22,97,100,0.9,CD,1704928190
461,tymovskoye,50.8456,142.655,-28.04,96,6,0.87,RU,1704928190
462,colchani,-20.3,-66.9333,18.93,23,44,2.9,BO,1704928191
463,tadine,-21.55,167.8833,27.73,73,79,3.39,NC,1704928191
464,banbridge,54.35,-6.2833,6.42,86,93,4.14,GB,1704928191
465,vadul lui voda,47.0917,29.0756,-7.7,93,10,1.98,MD,1704928191
466,gebeit,21.0667,36.3167,19.59,91,1,2.52,SD,1704928191
467,phrae,18.0833,100.0,19.54,78,0,0.26,TH,1704928191
468,kulhudhuffushi,6.6221,73.07,27.75,77,100,7.56,MV,1704928191
469,el jadid,33.2549,-8.506,15.8,91,1,4.65,MA,1704928191
470,midvagur,62.0511,-7.1939,5.46,75,100,1.03,FO,1704928192
471,guiren,33.6697,118.1889,-0.07,73,2,3.23,CN,1704928192
472,ormara,25.2088,64.6357,21.11,45,0,1.75,PK,1704928192
473,breves,-1.6822,-50.4803,24.88,92,78,2.61,BR,1704928192
474,at taj,24.2049,23.2857,9.4,48,3,3.71,LY,1704928192
475,coahuayana de hidalgo,18.7,-103.6583,27.44,64,94,2.74,MX,1704928192
476,koungou,-12.7336,45.2042,26.84,83,93,5.14,YT,1704928192
477,lillehammer,61.1146,10.4674,-4.86,85,100,3.1,NO,1704928192
478,dakoro,14.5106,6.765,19.76,14,1,5.17,NE,1704928192
479,hasaki,35.7333,140.8333,4.22,59,100,11.66,JP,1704928193
480,zaozersk,69.4005,32.4476,-5.49,63,100,10.55,RU,1704928193
481,joshimath,30.5667,79.5667,7.05,10,0,3.77,IN,1704928193
482,kayyerkan,69.3786,87.7439,-29.08,97,83,2.85,RU,1704928193
483,bubaque,11.2833,-15.8333,26.31,63,93,6.63,GW,1704928193
484,qarazhal,48.0078,70.7903,-10.67,93,100,4.57,KZ,1704928193
485,anadyr,64.75,177.4833,-25.56,75,86,7.0,RU,1704928095
486,bakanas,44.8081,76.2772,-1.07,85,100,0.88,KZ,1704928193
487,recreo,-29.2818,-65.061,27.11,70,64,5.16,AR,1704928194
488,jacmel,18.2342,-72.5347,28.91,83,36,2.15,HT,1704928194
489,potsdam,52.3989,13.0657,-2.06,87,0,0.53,DE,1704928044
490,balpyk bi,44.8947,78.2083,2.65,97,100,1.86,KZ,1704928194
491,donghai,22.9459,115.642,12.78,85,13,2.11,CN,1704928194
492,bouarfa,32.53,-1.95,8.26,38,0,1.9,MA,1704928194
493,inirida,3.8653,-67.9239,25.74,80,100,1.72,CO,1704928194
494,kavaratti,10.5669,72.642,27.75,74,74,3.26,IN,1704928194
495,boyabat,41.4689,34.7667,0.96,79,42,0.98,TR,1704928195
496,geraldton,-28.7667,114.6,22.23,83,100,7.2,AU,1704928195
497,laharpur,27.7167,80.9,8.78,43,0,3.24,IN,1704928195
498,maceio,-9.6658,-35.7353,25.69,100,75,4.63,BR,1704928051
499,tralee,52.2704,-9.7026,3.86,81,97,2.59,IE,1704928011
500,staraya stanitsa,48.35,40.2833,-12.46,96,79,1.63,RU,1704928195
501,chernyshevskiy,63.0128,112.4714,-34.84,100,100,1.28,RU,1704928195
502,bol'sherech'ye,56.0925,74.6272,-20.15,89,100,9.21,RU,1704928195
503,sainte-adresse,49.5089,0.0845,-2.41,74,0,2.57,FR,1704928196
504,cooper's town,26.8667,-77.5167,20.69,69,96,3.02,BS,1704928196
505,alburquerque,39.2208,-7.0023,6.29,97,53,1.74,ES,1704928196
506,trairi,-3.2778,-39.2689,27.19,75,77,4.22,BR,1704928196
507,ilhabela,-23.7781,-45.3581,25.91,89,8,2.67,BR,1704928196
508,bermejo,-32.8833,-68.8,27.71,46,46,2.91,AR,1704928196
509,devils lake,48.1128,-98.8651,-12.94,80,100,9.26,US,1704928196
510,goz beida,13.95,20.55,21.62,24,0,3.21,TD,1704928197
511,ghormach,35.7306,63.7826,9.66,33,82,0.25,AF,1704928197
512,la ronge,55.1001,-105.2842,-23.51,86,100,4.14,CA,1704928197
513,eraan,9.0629,117.7016,26.08,89,84,3.37,PH,1704928197
514,surman,32.7567,12.5716,12.88,34,15,3.48,LY,1704928197
515,okmulgee,35.6234,-95.9605,13.06,30,0,5.14,US,1704928197
516,ambodifotatra,-16.9833,49.85,27.85,75,92,6.49,MG,1704928197
517,pahrump,36.2083,-115.9839,11.25,39,72,2.68,US,1704928197
518,pangody,65.85,74.4859,-18.62,91,100,10.96,RU,1704928198
519,khandyga,62.6667,135.6,-48.63,98,31,0.9,RU,1704928198
520,kamloops,50.6665,-120.3192,-3.01,64,35,1.79,CA,1704928198
521,susuman,62.7833,148.1667,-43.34,100,83,0.45,RU,1704928198
522,tofol,5.3248,163.0078,28.88,74,75,4.63,FM,1704928198
523,bentiu,9.2333,29.8333,26.46,29,92,2.23,SS,1704928198
524,najran,17.4924,44.1277,9.36,20,9,0.65,SA,1704928198
525,laojunmiao,39.8333,97.7333,-2.74,30,5,1.96,CN,1704928198
526,mabaruma,8.2,-59.7833,23.32,97,100,1.49,GY,1704928198
527,buka,40.8108,69.1986,7.89,57,100,1.91,UZ,1704928199
528,mawlaik,23.6333,94.4167,11.92,80,3,0.53,MM,1704928199
529,hecun,36.5333,114.1111,2.49,44,0,3.0,CN,1704928199
530,piacabucu,-10.4056,-36.4344,26.25,81,19,4.61,BR,1704928199
531,nuku'alofa,-21.1333,-175.2,26.41,85,100,7.96,TO,1704927916
532,visby,57.6409,18.296,3.12,81,100,4.63,SE,1704928199
533,acarau,-2.8856,-40.12,27.45,77,26,5.76,BR,1704928199
534,belyy yar,53.6039,91.3903,-14.06,72,0,1.0,RU,1704928157
535,gigante,2.3868,-75.5453,25.57,67,94,1.8,CO,1704928200
536,fisterra,42.9049,-9.2629,8.19,66,21,6.89,ES,1704928200
537,kolonia,50.9333,6.95,-2.3,74,0,3.09,DE,1704928200
538,nadym,65.5333,72.5167,-19.69,97,100,11.07,RU,1704928200
539,son la,21.3167,103.9,16.85,93,93,1.33,VN,1704928200
540,santo antonio,-6.3106,-35.4789,26.35,74,31,3.08,BR,1704928201
541,cestos city,5.46,-9.5828,26.98,80,57,3.41,LR,1704928201
542,evanston,42.0411,-87.6901,-0.46,78,100,4.63,US,1704928201
543,tuni,17.35,82.55,19.45,77,48,1.35,IN,1704928201
544,bochum,51.4833,7.2167,-2.4,82,0,1.33,DE,1704927662
545,pyapon,16.2833,95.6833,19.35,57,46,3.07,MM,1704928201
546,cooma,-36.2333,149.1333,21.57,71,18,2.31,AU,1704928202
547,santa vitoria do palmar,-33.5189,-53.3681,22.57,95,100,3.31,BR,1704928202
548,nizhniy odes,63.6445,54.856,-22.22,100,100,1.8,RU,1704928202
549,sidi khaled,34.387,4.9879,8.77,45,4,1.13,DZ,1704928202
550,vyyezdnoye,55.3815,43.7864,-16.82,87,97,4.9,RU,1704928202
551,aldinga beach,-35.2793,138.4604,25.7,58,3,4.07,AU,1704928202
552,urucui,-7.2294,-44.5561,27.45,68,88,2.4,BR,1704928202
553,ridgecrest,35.6225,-117.6709,12.58,37,92,10.28,US,1704928203
554,benguela,-12.5763,13.4055,25.74,80,100,2.42,AO,1704928203
555,alenquer,-1.9417,-54.7383,28.03,64,76,1.83,BR,1704928203
556,anori,-3.7728,-61.6442,24.2,97,100,1.4,BR,1704928203
557,dhuusamarreeb,5.535,46.3861,21.82,73,3,6.71,SO,1704928203
558,liwonde,-15.0506,35.2035,22.16,95,87,0.97,MW,1704928203
559,lowell,42.6334,-71.3162,8.27,63,100,7.2,US,1704928203
560,lichuan,30.3,108.85,2.79,80,8,0.66,CN,1704928042
561,machico,32.7,-16.7667,20.0,86,40,4.63,PT,1704928204
562,lautoka,-17.6167,177.4667,30.92,66,75,3.6,FJ,1704928204
563,acapulco de juarez,16.8634,-99.8901,28.9,70,75,2.06,MX,1704928204
564,griffith,41.5284,-87.4237,-0.5,91,100,4.12,US,1704928204
565,poronaysk,49.2167,143.1167,-26.43,96,59,1.2,RU,1704928204
566,wynyard,-41.0,145.7167,19.67,53,8,2.38,AU,1704928204
567,mopti,14.6667,-4.0,27.23,12,96,3.79,ML,1704928204
568,morant bay,17.8815,-76.4093,28.17,88,69,5.4,JM,1704928204
569,alupka,44.4167,34.05,2.63,69,4,0.67,UA,1704928205
570,vicuna,-30.0319,-70.7081,28.76,36,0,2.75,CL,1704928205
571,novodvinsk,64.4165,40.8122,-9.56,94,100,1.68,RU,1704928205
572,ponta delgada,37.7333,-25.6667,18.44,94,75,9.77,PT,1704928205
573,happy valley-goose bay,53.3168,-60.3315,-13.75,88,100,2.42,CA,1704928205
574,loa janan,-0.583,117.095,24.1,96,80,0.74,ID,1704928205
